wavelength,n
1.378047e-09,0.99948386
1.380047e-09,0.99948272
1.382047e-09,0.99948123
1.384047e-09,0.99947996
1.386047e-09,0.99947894
1.388047e-09,0.99947758
1.390047e-09,0.99947589
1.392047e-09,0.99947449
1.394047e-09,0.99947337
1.396047e-09,0.99947194
1.398047e-09,0.99947018
1.400047e-09,0.99946873
1.402047e-09,0.99946756
1.404047e-09,0.99946608
1.406047e-09,0.99946428
1.408048e-09,0.99946278
1.410048e-09,0.99946158
1.412048e-09,0.99946005
1.414048e-09,0.9994582
1.416048e-09,0.99945664
1.418048e-09,0.99945533
1.420048e-09,0.99945357
1.422048e-09,0.99945207
1.424048e-09,0.99945085
1.426048e-09,0.9994493
1.428048e-09,0.99944742
1.430048e-09,0.99944582
1.432048e-09,0.99944446
1.434048e-09,0.99944265
1.436049e-09,0.99944108
1.438049e-09,0.99943974
1.440049e-09,0.99943794
1.442049e-09,0.99943637
1.444049e-09,0.99943503
1.446049e-09,0.99943322
1.448049e-09,0.99943165
1.450049e-09,0.9994303
1.452049e-09,0.99942849
1.454049e-09,0.99942691
1.456049e-09,0.99942556
1.458049e-09,0.99942374
1.460049e-09,0.99942215
1.462049e-09,0.99942078
1.464049e-09,0.99941894
1.46605e-09,0.99941733
1.46805e-09,0.99941594
1.47005e-09,0.99941406
1.47205e-09,0.99941237
1.47405e-09,0.99941077
1.47605e-09,0.99940926
1.47805e-09,0.99940792
1.48005e-09,0.99940611
1.48205e-09,0.9994045
1.48405e-09,0.99940311
1.48605e-09,0.99940123
1.48805e-09,0.99939953
1.49005e-09,0.99939792
1.49205e-09,0.99939639
1.49405e-09,0.99939503
1.496051e-09,0.99939317
1.498051e-09,0.99939148
1.500051e-09,0.99938987
1.502051e-09,0.99938834
1.504051e-09,0.99938699
1.506051e-09,0.99938513
1.508051e-09,0.99938343
1.510051e-09,0.99938182
1.512051e-09,0.9993803
1.514051e-09,0.99937894
1.516051e-09,0.99937707
1.518051e-09,0.99937537
1.520051e-09,0.99937375
1.522051e-09,0.99937222
1.524051e-09,0.99937084
1.526052e-09,0.99936896
1.528052e-09,0.99936724
1.530052e-09,0.99936559
1.532052e-09,0.99936397
1.534052e-09,0.9993624
1.536052e-09,0.99936089
1.538052e-09,0.99935954
1.540052e-09,0.99935768
1.542052e-09,0.99935598
1.544052e-09,0.99935436
1.546052e-09,0.99935282
1.548052e-09,0.99935144
1.550052e-09,0.99934956
1.552052e-09,0.99934783
1.554052e-09,0.99934617
1.556053e-09,0.99934454
1.558053e-09,0.99934295
1.560053e-09,0.99934143
1.562053e-09,0.99934006
1.564053e-09,0.99933818
1.566053e-09,0.99933646
1.568053e-09,0.9993348
1.570053e-09,0.99933318
1.572053e-09,0.9993316
1.574053e-09,0.99933008
1.576053e-09,0.99932872
1.578053e-09,0.99932685
1.580053e-09,0.99932514
1.582053e-09,0.99932351
1.584054e-09,0.99932195
1.586054e-09,0.99932056
1.588054e-09,0.99931866
1.590054e-09,0.99931692
1.592054e-09,0.99931525
1.594054e-09,0.99931361
1.596054e-09,0.99931201
1.598054e-09,0.99931048
1.600054e-09,0.99930911
1.602236e-09,0.99930708
1.604418e-09,0.99930519
1.6066e-09,0.99930334
1.608782e-09,0.99930152
1.610963e-09,0.99929972
1.613145e-09,0.99929792
1.615327e-09,0.99929613
1.617509e-09,0.99929436
1.619691e-09,0.99929262
1.621873e-09,0.99929092
1.624055e-09,0.99928938
1.626237e-09,0.99928731
1.628419e-09,0.9992854
1.630601e-09,0.99928354
1.632782e-09,0.9992817
1.634964e-09,0.99927988
1.637146e-09,0.99927809
1.639328e-09,0.99927631
1.64151e-09,0.9992746
1.643692e-09,0.99927303
1.645874e-09,0.99927095
1.648056e-09,0.99926902
1.650238e-09,0.99926715
1.652419e-09,0.99926531
1.654601e-09,0.9992635
1.656783e-09,0.99926176
1.658965e-09,0.99926016
1.661147e-09,0.99925805
1.663329e-09,0.9992561
1.665511e-09,0.9992542
1.667693e-09,0.99925234
1.669875e-09,0.9992505
1.672056e-09,0.99924873
1.674238e-09,0.99924711
1.67642e-09,0.99924498
1.678602e-09,0.999243
1.680784e-09,0.99924107
1.682966e-09,0.99923918
1.685148e-09,0.99923733
1.68733e-09,0.99923553
1.689512e-09,0.99923388
1.691693e-09,0.99923172
1.693875e-09,0.99922971
1.696057e-09,0.99922776
1.698239e-09,0.99922585
1.700421e-09,0.99922396
1.702603e-09,0.99922213
1.704785e-09,0.99922046
1.706967e-09,0.99921826
1.709149e-09,0.99921622
1.711331e-09,0.99921423
1.713512e-09,0.99921227
1.715694e-09,0.99921033
1.717876e-09,0.9992084
1.720058e-09,0.9992065
1.72224e-09,0.99920466
1.724422e-09,0.99920296
1.726604e-09,0.99920075
1.728786e-09,0.99919868
1.730968e-09,0.99919667
1.733149e-09,0.9991947
1.735331e-09,0.99919275
1.737513e-09,0.99919086
1.739695e-09,0.99918912
1.741877e-09,0.99918685
1.744059e-09,0.99918474
1.746241e-09,0.99918267
1.748423e-09,0.99918063
1.750605e-09,0.9991786
1.752786e-09,0.99917657
1.754968e-09,0.99917455
1.75715e-09,0.99917254
1.759332e-09,0.99917054
1.761514e-09,0.99916854
1.763696e-09,0.99916656
1.765878e-09,0.99916464
1.76806e-09,0.99916285
1.770242e-09,0.99916054
1.772423e-09,0.99915838
1.774605e-09,0.99915625
1.776787e-09,0.99915415
1.778969e-09,0.99915205
1.781151e-09,0.99914996
1.783333e-09,0.99914786
1.785515e-09,0.99914577
1.787697e-09,0.99914367
1.789879e-09,0.99914156
1.792061e-09,0.99913945
1.794242e-09,0.99913733
1.796424e-09,0.99913519
1.798606e-09,0.99913304
1.800788e-09,0.99913082
1.80297e-09,0.99912846
1.805152e-09,0.99912661
1.807334e-09,0.99912462
1.809516e-09,0.99912256
1.811698e-09,0.99912048
1.813879e-09,0.99911839
1.816061e-09,0.99911627
1.818243e-09,0.99911414
1.820425e-09,0.99911198
1.822607e-09,0.9991098
1.824789e-09,0.99910756
1.826971e-09,0.99910516
1.829153e-09,0.99910328
1.831335e-09,0.99910123
1.833516e-09,0.99909912
1.835698e-09,0.99909697
1.83788e-09,0.99909478
1.840062e-09,0.99909253
1.842244e-09,0.9990901
1.844426e-09,0.99908818
1.846608e-09,0.99908609
1.84879e-09,0.99908392
1.850972e-09,0.99908165
1.853153e-09,0.99907921
1.855335e-09,0.99907725
1.857517e-09,0.99907507
1.859699e-09,0.99907268
1.861881e-09,0.99907075
1.864063e-09,0.9990686
1.866245e-09,0.99906623
1.868427e-09,0.99906434
1.870609e-09,0.99906226
1.872791e-09,0.99906009
1.874972e-09,0.99905782
1.877154e-09,0.99905536
1.879336e-09,0.99905338
1.881518e-09,0.99905117
1.8837e-09,0.99904874
1.885882e-09,0.99904675
1.888064e-09,0.99904452
1.890246e-09,0.99904202
1.892428e-09,0.99903984
1.894609e-09,0.99903799
1.896791e-09,0.99903585
1.898973e-09,0.99903347
1.901155e-09,0.99903154
1.903337e-09,0.99902937
1.905519e-09,0.99902695
1.907701e-09,0.99902498
1.909883e-09,0.99902276
1.912065e-09,0.99902026
1.914246e-09,0.99901808
1.916428e-09,0.99901622
1.91861e-09,0.99901408
1.920792e-09,0.99901168
1.922974e-09,0.99900971
1.925156e-09,0.99900749
1.927338e-09,0.99900498
1.92952e-09,0.99900279
1.931702e-09,0.99900091
1.933883e-09,0.99899872
1.936065e-09,0.99899624
1.938247e-09,0.99899406
1.940429e-09,0.99899219
1.942611e-09,0.99899002
1.944793e-09,0.99898754
1.946975e-09,0.99898537
1.949157e-09,0.9989835
1.951339e-09,0.99898133
1.953521e-09,0.99897886
1.955702e-09,0.99897669
1.957884e-09,0.99897482
1.960066e-09,0.99897265
1.962248e-09,0.99897017
1.96443e-09,0.998968
1.966612e-09,0.99896614
1.968794e-09,0.99896396
1.970976e-09,0.99896149
1.973158e-09,0.99895931
1.975339e-09,0.99895744
1.977521e-09,0.99895527
1.979703e-09,0.99895278
1.981885e-09,0.9989506
1.984067e-09,0.99894873
1.986249e-09,0.99894654
1.988431e-09,0.99894405
1.990613e-09,0.99894185
1.992795e-09,0.99893996
1.994976e-09,0.99893775
1.997158e-09,0.99893523
1.99934e-09,0.99893296
2.001522e-09,0.99893086
2.003704e-09,0.99892903
2.005886e-09,0.99892687
2.008068e-09,0.9989244
2.01025e-09,0.99892222
2.012432e-09,0.99892035
2.014613e-09,0.99891817
2.016795e-09,0.99891567
2.018977e-09,0.99891348
2.021159e-09,0.99891159
2.023341e-09,0.99890939
2.025523e-09,0.99890687
2.027705e-09,0.99890466
2.029887e-09,0.99890275
2.032069e-09,0.99890051
2.034251e-09,0.99889796
2.036432e-09,0.99889566
2.038614e-09,0.99889353
2.040796e-09,0.99889166
2.042978e-09,0.99888947
2.04516e-09,0.99888695
2.047342e-09,0.99888473
2.049524e-09,0.99888281
2.051706e-09,0.99888057
2.053888e-09,0.99887801
2.056069e-09,0.99887573
2.058251e-09,0.99887373
2.06007e-09,0.99887168
2.06107e-09,0.99887067
2.06207e-09,0.99886983
2.06307e-09,0.99886851
2.06407e-09,0.99886738
2.06507e-09,0.99886633
2.06607e-09,0.99886537
2.06707e-09,0.99886458
2.06807e-09,0.9988633
2.06907e-09,0.99886219
2.07007e-09,0.99886117
2.07107e-09,0.99886024
2.07207e-09,0.99885948
2.07307e-09,0.99885824
2.07407e-09,0.99885722
2.07507e-09,0.9988564
2.07607e-09,0.9988551
2.07707e-09,0.99885398
2.07807e-09,0.99885295
2.07907e-09,0.99885201
2.08007e-09,0.99885125
2.08107e-09,0.99885
2.08207e-09,0.99884897
2.08307e-09,0.99884814
2.08407e-09,0.99884683
2.08507e-09,0.9988457
2.08607e-09,0.99884466
2.08707e-09,0.9988437
2.088071e-09,0.99884292
2.089071e-09,0.99884163
2.090071e-09,0.99884052
2.091071e-09,0.9988395
2.092071e-09,0.99883856
2.093071e-09,0.9988378
2.094071e-09,0.99883655
2.095071e-09,0.99883551
2.096071e-09,0.99883468
2.097071e-09,0.99883337
2.098071e-09,0.99883223
2.099071e-09,0.99883118
2.100071e-09,0.99883021
2.101071e-09,0.99882941
2.102071e-09,0.99882812
2.103071e-09,0.99882699
2.104071e-09,0.99882594
2.105071e-09,0.99882498
2.106071e-09,0.99882418
2.107071e-09,0.99882289
2.108071e-09,0.99882176
2.109071e-09,0.99882071
2.110071e-09,0.99881974
2.111071e-09,0.99881894
2.112071e-09,0.99881763
2.113071e-09,0.99881648
2.114071e-09,0.9988154
2.115071e-09,0.99881436
2.116071e-09,0.99881336
2.117071e-09,0.99881243
2.118072e-09,0.99881166
2.119072e-09,0.99881037
2.120072e-09,0.99880926
2.121072e-09,0.99880822
2.122072e-09,0.99880726
2.123072e-09,0.99880646
2.124072e-09,0.99880516
2.125072e-09,0.99880402
2.126072e-09,0.99880294
2.127072e-09,0.9988019
2.128072e-09,0.99880089
2.129072e-09,0.99879995
2.130072e-09,0.99879917
2.131072e-09,0.99879788
2.132072e-09,0.99879674
2.133072e-09,0.99879567
2.134072e-09,0.99879463
2.135072e-09,0.99879363
2.136072e-09,0.99879269
2.137072e-09,0.99879191
2.138072e-09,0.99879062
2.139072e-09,0.99878948
2.140072e-09,0.99878839
2.141072e-09,0.99878734
2.142072e-09,0.99878631
2.143072e-09,0.99878531
2.144072e-09,0.99878433
2.145072e-09,0.99878341
2.146072e-09,0.99878264
2.147073e-09,0.99878136
2.148073e-09,0.99878023
2.149073e-09,0.99877916
2.150073e-09,0.99877812
2.151073e-09,0.9987771
2.152073e-09,0.9987761
2.153073e-09,0.99877514
2.154073e-09,0.99877422
2.155073e-09,0.99877347
2.156073e-09,0.99877219
2.157073e-09,0.99877107
2.158073e-09,0.99877001
2.159073e-09,0.99876898
2.160073e-09,0.99876797
2.161073e-09,0.99876698
2.162073e-09,0.99876602
2.163073e-09,0.99876512
2.164073e-09,0.99876438
2.165073e-09,0.99876312
2.166073e-09,0.99876201
2.167073e-09,0.99876097
2.168073e-09,0.99875996
2.169073e-09,0.99875899
2.170073e-09,0.99875808
2.171073e-09,0.99875733
2.172073e-09,0.99875606
2.173073e-09,0.99875495
2.174073e-09,0.99875391
2.175073e-09,0.9987529
2.176073e-09,0.99875192
2.177074e-09,0.99875102
2.178074e-09,0.99875026
2.179074e-09,0.998749
2.180074e-09,0.9987479
2.181074e-09,0.99874686
2.182074e-09,0.99874586
2.183074e-09,0.99874489
2.184074e-09,0.998744
2.185074e-09,0.99874328
2.186074e-09,0.99874206
2.187074e-09,0.99874105
2.188074e-09,0.99874024
2.189074e-09,0.99873895
2.190074e-09,0.99873783
2.191074e-09,0.9987368
2.192074e-09,0.99873585
2.193074e-09,0.99873508
2.194074e-09,0.99873382
2.195074e-09,0.99873278
2.196074e-09,0.99873196
2.197074e-09,0.99873066
2.198074e-09,0.99872958
2.199074e-09,0.99872872
2.200074e-09,0.99872738
2.201074e-09,0.99872626
2.202074e-09,0.99872537
2.203074e-09,0.998724
2.204074e-09,0.99872286
2.205074e-09,0.99872196
2.206075e-09,0.99872071
2.207075e-09,0.99871907
2.208075e-09,0.99871763
2.209075e-09,0.99871625
2.210075e-09,0.99871465
2.215075e-09,0.99871032
2.220075e-09,0.99870544
2.225075e-09,0.99869804
2.230075e-09,0.99868877
2.235075e-09,0.99867944
2.240076e-09,0.99867184
2.245076e-09,0.99866182
2.250076e-09,0.99865323
2.255076e-09,0.99864926
2.260076e-09,0.998649
2.265076e-09,0.99865185
2.270077e-09,0.99865682
2.275077e-09,0.99866363
2.280077e-09,0.99867085
2.285077e-09,0.9986784
2.290077e-09,0.99868694
2.295077e-09,0.99869902
2.300078e-09,0.99870934
2.305078e-09,0.99871191
2.310078e-09,0.99870703
2.315078e-09,0.99870265
2.320078e-09,0.99870892
2.325079e-09,0.99871567
2.330079e-09,0.99870261
2.335079e-09,0.99867431
2.340079e-09,0.99865339
2.345079e-09,0.9986372
2.350079e-09,0.9986203
2.35508e-09,0.99860809
2.36008e-09,0.99859964
2.36508e-09,0.99859153
2.37008e-09,0.99858193
2.37508e-09,0.99857175
2.38008e-09,0.99856106
2.385081e-09,0.99855116
2.390081e-09,0.9985421
2.395081e-09,0.99853268
2.400081e-09,0.99852564
2.405081e-09,0.99851944
2.410081e-09,0.99851048
2.415082e-09,0.99850149
2.420082e-09,0.99849324
2.425082e-09,0.99848533
2.430082e-09,0.99847754
2.435082e-09,0.99847054
2.440082e-09,0.99846472
2.445083e-09,0.99845789
2.450083e-09,0.99844957
2.455083e-09,0.99844247
2.460083e-09,0.99843499
2.465083e-09,0.99842616
2.470083e-09,0.99841813
2.475084e-09,0.99841197
2.480084e-09,0.99840685
2.485084e-09,0.99839924
2.490084e-09,0.99839146
2.495084e-09,0.99838381
2.500084e-09,0.99837493
2.505085e-09,0.9983677
2.510085e-09,0.9983619
2.515085e-09,0.99835584
2.520085e-09,0.9983493
2.525085e-09,0.99834232
2.530085e-09,0.99833632
2.535086e-09,0.99833093
2.540086e-09,0.99832465
2.545086e-09,0.99831705
2.550086e-09,0.99830924
2.555086e-09,0.99830129
2.560086e-09,0.99829314
2.565087e-09,0.99828622
2.570087e-09,0.99828217
2.575087e-09,0.998276
2.580087e-09,0.99827086
2.585087e-09,0.9982653
2.590087e-09,0.99825587
2.595088e-09,0.99824834
2.600088e-09,0.99824029
2.605088e-09,0.9982325
2.610088e-09,0.99822687
2.615088e-09,0.99822078
2.620088e-09,0.99821376
2.625089e-09,0.99820794
2.630089e-09,0.99820478
2.635089e-09,0.99819737
2.640089e-09,0.99818849
2.645089e-09,0.99818317
2.650089e-09,0.99817628
2.65509e-09,0.99816957
2.66009e-09,0.99816213
2.66509e-09,0.99815516
2.67009e-09,0.9981494
2.67509e-09,0.99814223
2.680091e-09,0.99813323
2.685091e-09,0.99812844
2.690091e-09,0.99812332
2.695091e-09,0.9981159
2.700091e-09,0.99810733
2.705091e-09,0.99810047
2.710092e-09,0.99809528
2.715092e-09,0.99808697
2.720092e-09,0.99808149
2.725092e-09,0.99807466
2.730092e-09,0.99806661
2.735092e-09,0.99805997
2.740093e-09,0.9980524
2.745093e-09,0.99804436
2.750093e-09,0.99803664
2.755093e-09,0.99803121
2.760093e-09,0.99802481
2.765093e-09,0.99801864
2.770094e-09,0.99801216
2.775094e-09,0.99800641
2.780094e-09,0.99800236
2.785094e-09,0.9979937
2.790094e-09,0.99798361
2.795094e-09,0.99797478
2.800095e-09,0.99796818
2.810095e-09,0.99795369
2.820095e-09,0.9979366
2.830096e-09,0.99792318
2.840096e-09,0.99791075
2.850096e-09,0.99789675
2.860097e-09,0.99788167
2.870097e-09,0.99786682
2.880097e-09,0.9978511
2.890098e-09,0.9978365
2.900098e-09,0.99782159
2.910098e-09,0.99780483
2.920099e-09,0.99778832
2.930099e-09,0.99777355
2.940099e-09,0.99776007
2.9501e-09,0.99774418
2.9601e-09,0.99772714
2.9701e-09,0.99771187
2.980101e-09,0.99769758
2.990101e-09,0.99768091
3.000101e-09,0.99766441
3.010102e-09,0.9976489
3.020102e-09,0.99763142
3.030102e-09,0.99761801
3.040103e-09,0.99760657
3.050103e-09,0.99759345
3.060103e-09,0.9975771
3.070104e-09,0.99755664
3.080104e-09,0.99754221
3.090104e-09,0.99752714
3.100105e-09,0.99750919
3.110105e-09,0.99749153
3.120105e-09,0.9974732
3.130106e-09,0.99745537
3.140106e-09,0.99743883
3.150106e-09,0.99742374
3.160107e-09,0.99740617
3.170107e-09,0.99738784
3.180107e-09,0.99737252
3.190108e-09,0.99735673
3.200108e-09,0.99733949
3.210108e-09,0.99732287
3.220109e-09,0.99730503
3.230109e-09,0.99728759
3.240109e-09,0.99727067
3.25011e-09,0.99725487
3.26011e-09,0.99723814
3.27011e-09,0.99722112
3.280111e-09,0.99720592
3.290111e-09,0.99719008
3.300111e-09,0.99717242
3.310112e-09,0.99715458
3.320112e-09,0.99713804
3.330112e-09,0.99712101
3.340113e-09,0.99710389
3.350113e-09,0.99708775
3.360113e-09,0.99707269
3.370114e-09,0.99705904
3.380114e-09,0.99704111
3.390115e-09,0.99702103
3.400115e-09,0.9970062
3.410115e-09,0.99699087
3.420116e-09,0.99697361
3.430116e-09,0.99695651
3.440116e-09,0.99693813
3.450117e-09,0.99692132
3.460117e-09,0.9969049
3.470117e-09,0.9968879
3.480118e-09,0.99687326
3.490118e-09,0.99685874
3.500118e-09,0.99684227
3.510119e-09,0.9968254
3.520119e-09,0.99680846
3.530119e-09,0.99679091
3.54012e-09,0.99677443
3.55012e-09,0.99675803
3.56012e-09,0.99674183
3.570121e-09,0.99672612
3.580121e-09,0.99670801
3.590121e-09,0.99668966
3.600122e-09,0.99667285
3.610122e-09,0.99665717
3.620122e-09,0.99664234
3.630123e-09,0.99662602
3.640123e-09,0.99660792
3.650123e-09,0.99659239
3.660124e-09,0.99657794
3.670124e-09,0.99656137
3.680124e-09,0.9965456
3.690125e-09,0.99652859
3.700125e-09,0.99651348
3.710125e-09,0.99649951
3.720126e-09,0.99648417
3.730126e-09,0.99647177
3.740126e-09,0.9964565
3.750127e-09,0.99643993
3.760127e-09,0.99642691
3.770127e-09,0.99641114
3.780128e-09,0.99639576
3.790128e-09,0.99638149
3.800128e-09,0.99636574
3.810129e-09,0.99634905
3.820129e-09,0.9963349
3.830129e-09,0.99632018
3.84013e-09,0.99630236
3.85013e-09,0.99628606
3.86013e-09,0.99627024
3.870131e-09,0.99625363
3.880131e-09,0.99623626
3.890131e-09,0.99621837
3.900132e-09,0.99620078
3.910132e-09,0.99618474
3.920132e-09,0.99616767
3.930133e-09,0.99615084
3.940133e-09,0.99613137
3.950133e-09,0.99611049
3.960134e-09,0.99609202
3.970134e-09,0.99607222
3.980134e-09,0.99605171
3.990135e-09,0.99603122
4.000135e-09,0.99601325
4.010135e-09,0.99599219
4.020136e-09,0.99597165
4.030136e-09,0.99595743
4.040136e-09,0.99594778
4.050137e-09,0.99594001
4.060137e-09,0.99593095
4.070138e-09,0.99591357
4.080138e-09,0.99590032
4.090138e-09,0.99589893
4.100139e-09,0.99588664
4.110139e-09,0.99586131
4.120139e-09,0.99584025
4.13014e-09,0.99582123
4.14014e-09,0.99579306
4.15014e-09,0.99577073
4.16014e-09,0.99575517
4.170141e-09,0.99573819
4.180141e-09,0.99572089
4.190141e-09,0.99570357
4.200142e-09,0.99568626
4.210142e-09,0.99566897
4.220143e-09,0.99565168
4.230143e-09,0.99563436
4.240143e-09,0.99561701
4.250144e-09,0.99559959
4.260144e-09,0.99558209
4.270144e-09,0.99556446
4.280145e-09,0.99554669
4.290145e-09,0.99552872
4.300145e-09,0.99551053
4.310146e-09,0.99549205
4.320146e-09,0.99547321
4.330146e-09,0.99545391
4.340147e-09,0.99543401
4.350147e-09,0.99541325
4.360147e-09,0.99539113
4.370148e-09,0.99536622
4.380148e-09,0.99533825
4.390148e-09,0.99531589
4.400149e-09,0.99529817
4.410149e-09,0.99527621
4.420149e-09,0.99525545
4.43015e-09,0.99524076
4.44015e-09,0.99522591
4.45015e-09,0.99520877
4.460151e-09,0.99519102
4.470151e-09,0.99517166
4.480151e-09,0.99515542
4.490152e-09,0.99513794
4.500152e-09,0.99511884
4.510152e-09,0.99510296
4.520153e-09,0.99508942
4.530153e-09,0.99507626
4.540153e-09,0.99506309
4.550154e-09,0.9950517
4.560154e-09,0.99503865
4.570154e-09,0.9950248
4.580155e-09,0.9950133
4.590155e-09,0.9950034
4.600155e-09,0.99499623
4.610156e-09,0.99498841
4.620156e-09,0.99497986
4.630156e-09,0.99497271
4.640157e-09,0.99496616
4.650157e-09,0.99496215
4.660157e-09,0.994958
4.670158e-09,0.99495495
4.680158e-09,0.99495299
4.690158e-09,0.99495014
4.700159e-09,0.9949471
4.710159e-09,0.9949424
4.720159e-09,0.99493847
4.73016e-09,0.99493671
4.74016e-09,0.99493243
4.75016e-09,0.99492773
4.760161e-09,0.99492326
4.770161e-09,0.99491988
4.780162e-09,0.99491864
4.790162e-09,0.99491732
4.800162e-09,0.99491516
4.820163e-09,0.99489726
4.840163e-09,0.99487594
4.860164e-09,0.99485068
4.880165e-09,0.99481894
4.900165e-09,0.99479788
4.920166e-09,0.99477973
4.940167e-09,0.9947614
4.960167e-09,0.9947509
4.980168e-09,0.99473999
5.000169e-09,0.99472653
5.02017e-09,0.99472129
5.04017e-09,0.99472582
5.060171e-09,0.99472688
5.080172e-09,0.99472422
5.100172e-09,0.99472772
5.120173e-09,0.99473421
5.140174e-09,0.99473331
5.160174e-09,0.99472927
5.180175e-09,0.99472443
5.200176e-09,0.9947089
5.220176e-09,0.99468803
5.240177e-09,0.99466115
5.260178e-09,0.99462881
5.280178e-09,0.99458731
5.300179e-09,0.99454063
5.32018e-09,0.99449233
5.34018e-09,0.99444245
5.360181e-09,0.99439602
5.380182e-09,0.99434666
5.400182e-09,0.99428384
5.420183e-09,0.99422062
5.440184e-09,0.99417888
5.460184e-09,0.9941291
5.480185e-09,0.99408615
5.500186e-09,0.99404646
5.520186e-09,0.99401145
5.540187e-09,0.99400574
5.560188e-09,0.99399594
5.580188e-09,0.99398835
5.600189e-09,0.99400251
5.62019e-09,0.99402528
5.64019e-09,0.99403314
5.660191e-09,0.9940383
5.680192e-09,0.99404051
5.700193e-09,0.99402031
5.720193e-09,0.99398981
5.740194e-09,0.99393334
5.760194e-09,0.99384429
5.780195e-09,0.99371858
5.800196e-09,0.99355409
5.820196e-09,0.99335947
5.840197e-09,0.99313464
5.860198e-09,0.99288882
5.880199e-09,0.99261518
5.900199e-09,0.99233608
5.9202e-09,0.9920797
5.940201e-09,0.9918617
5.960201e-09,0.99168865
5.980202e-09,0.9916537
6.000203e-09,0.99170691
6.020203e-09,0.99191712
6.040204e-09,0.9922824
6.060205e-09,0.99275361
6.080205e-09,0.99341296
6.100206e-09,0.99413792
6.120207e-09,0.99489629
6.140208e-09,0.99567198
6.160208e-09,0.99644905
6.180209e-09,0.99721567
6.200209e-09,0.99793836
6.22021e-09,0.99861309
6.240211e-09,0.9992499
6.260211e-09,0.99986387
6.280212e-09,1.0005184
6.300213e-09,1.0012271
6.320213e-09,1.0019467
6.340214e-09,1.0026185
6.360215e-09,1.0031187
6.380215e-09,1.0034447
6.400216e-09,1.0036073
6.420217e-09,1.0036117
6.440217e-09,1.0036011
6.460218e-09,1.0038514
6.480219e-09,1.0045039
6.50022e-09,1.0053404
6.52022e-09,1.0060726
6.540221e-09,1.0067639
6.560222e-09,1.0071233
6.580222e-09,1.0070063
6.600223e-09,1.0063229
6.620223e-09,1.0051069
6.640224e-09,1.0039651
6.660225e-09,1.0030856
6.680226e-09,1.00243
6.700226e-09,1.0018977
6.710227e-09,1.0016673
6.720227e-09,1.0014574
6.730227e-09,1.0012626
6.740228e-09,1.0010812
6.750228e-09,1.0009069
6.760228e-09,1.0007418
6.770229e-09,1.0005875
6.780229e-09,1.0004403
6.790229e-09,1.0002971
6.80023e-09,1.0001581
6.81023e-09,1.0000254
6.82023e-09,0.99990074
6.830231e-09,0.99978259
6.840231e-09,0.99966925
6.850231e-09,0.99955572
6.860232e-09,0.99944578
6.870232e-09,0.99934428
6.880232e-09,0.9992403
6.890233e-09,0.99913672
6.900233e-09,0.99903929
6.910233e-09,0.99894812
6.920234e-09,0.99885593
6.930234e-09,0.99876566
6.940235e-09,0.99867963
6.950235e-09,0.99859494
6.960235e-09,0.99851256
6.970236e-09,0.99843203
6.980236e-09,0.99835108
6.990236e-09,0.99827259
7.000236e-09,0.99819743
7.010237e-09,0.9981247
7.020237e-09,0.99805272
7.030238e-09,0.99797741
7.040238e-09,0.99790364
7.050238e-09,0.99783374
7.060239e-09,0.99776898
7.070239e-09,0.99770446
7.080239e-09,0.99763693
7.090239e-09,0.99757167
7.10024e-09,0.99751075
7.11024e-09,0.99744796
7.120241e-09,0.99738458
7.130241e-09,0.99732038
7.140241e-09,0.99725907
7.150242e-09,0.99720105
7.160242e-09,0.99714013
7.170242e-09,0.99708082
7.180243e-09,0.99702365
7.190243e-09,0.99696867
7.200243e-09,0.99691646
7.210243e-09,0.99686171
7.220244e-09,0.99680424
7.230244e-09,0.99674514
7.240245e-09,0.99668962
7.250245e-09,0.99663951
7.260245e-09,0.99658951
7.270246e-09,0.9965372
7.280246e-09,0.99648799
7.290246e-09,0.99643897
7.300246e-09,0.99638523
7.310247e-09,0.99633551
7.320247e-09,0.99628949
7.330248e-09,0.99624107
7.340248e-09,0.99619304
7.350248e-09,0.99614826
7.360248e-09,0.99609625
7.370249e-09,0.99604895
7.380249e-09,0.99600469
7.39025e-09,0.9959529
7.40025e-09,0.99590657
7.41025e-09,0.99586292
7.420251e-09,0.99581793
7.430251e-09,0.99577497
7.440252e-09,0.99572738
7.450252e-09,0.99567975
7.460252e-09,0.99563529
7.470252e-09,0.99559375
7.480253e-09,0.99555481
7.490253e-09,0.99551162
7.500253e-09,0.99546648
7.510254e-09,0.99541881
7.520254e-09,0.99537463
7.530255e-09,0.99532984
7.540255e-09,0.99528574
7.550255e-09,0.99524564
7.560255e-09,0.99520488
7.570256e-09,0.99516321
7.580256e-09,0.99511634
7.590256e-09,0.99507494
7.600257e-09,0.99504061
7.610257e-09,0.99499855
7.620257e-09,0.99495526
7.630258e-09,0.99491544
7.640258e-09,0.99488196
7.650258e-09,0.9948444
7.660259e-09,0.99479813
7.670259e-09,0.99475638
7.680259e-09,0.99471928
7.69026e-09,0.99467746
7.70026e-09,0.99463629
7.71026e-09,0.99459595
7.720261e-09,0.99455723
7.730261e-09,0.99452132
7.740261e-09,0.99448503
7.750262e-09,0.99444751
7.760262e-09,0.99440133
7.770262e-09,0.99435962
7.780263e-09,0.99432007
7.790263e-09,0.9942867
7.800263e-09,0.99425509
7.810264e-09,0.994216
7.820264e-09,0.99417816
7.830264e-09,0.99413997
7.840265e-09,0.99410329
7.850265e-09,0.99406721
7.860265e-09,0.99402506
7.870266e-09,0.99398495
7.880266e-09,0.99395406
7.890267e-09,0.99392686
7.900267e-09,0.99388654
7.910267e-09,0.99383826
7.920268e-09,0.99380481
7.930268e-09,0.9937737
7.940268e-09,0.99373408
7.950268e-09,0.99369809
7.960269e-09,0.99366094
7.970269e-09,0.99362016
7.980269e-09,0.99358712
7.99027e-09,0.99355918
8.00027e-09,0.99351871
8.010271e-09,0.9934706
8.020271e-09,0.99343364
8.030271e-09,0.99340614
8.040272e-09,0.99337663
8.050272e-09,0.9933347
8.060272e-09,0.99329593
8.070273e-09,0.99326411
8.080273e-09,0.99322752
8.090273e-09,0.99319168
8.100273e-09,0.99315482
8.110274e-09,0.99311579
8.120274e-09,0.99308255
8.130275e-09,0.99304565
8.140275e-09,0.99301464
8.150275e-09,0.99298364
8.160276e-09,0.99294597
8.170276e-09,0.99291193
8.180276e-09,0.99287368
8.190277e-09,0.99283769
8.200277e-09,0.9928048
8.210277e-09,0.99276739
8.220278e-09,0.99273411
8.230278e-09,0.99270357
8.240279e-09,0.99266745
8.250279e-09,0.99263182
8.260279e-09,0.99259983
8.270279e-09,0.9925663
8.28028e-09,0.99252636
8.29028e-09,0.99248844
8.300281e-09,0.99245665
8.310281e-09,0.99243174
8.320281e-09,0.99239875
8.330282e-09,0.99235644
8.340282e-09,0.9923194
8.350282e-09,0.99228688
8.360282e-09,0.99225335
8.370283e-09,0.99221725
8.380283e-09,0.99218373
8.390283e-09,0.99215279
8.400284e-09,0.99211668
8.410284e-09,0.99207812
8.420284e-09,0.99204334
8.430285e-09,0.99200926
8.440285e-09,0.99197398
8.450286e-09,0.99194344
8.460286e-09,0.99191577
8.470286e-09,0.99188219
8.480286e-09,0.99185225
8.490287e-09,0.9918212
8.500287e-09,0.99178466
8.510287e-09,0.99174602
8.520288e-09,0.99170941
8.530288e-09,0.99167866
8.540289e-09,0.99164548
8.550289e-09,0.99160677
8.560289e-09,0.99157358
8.57029e-09,0.99154087
8.58029e-09,0.99150405
8.59029e-09,0.99146951
8.600291e-09,0.99143966
8.610291e-09,0.99141216
8.620291e-09,0.9913769
8.630291e-09,0.99134031
8.640292e-09,0.99130163
8.650292e-09,0.99126697
8.660293e-09,0.99123455
8.670293e-09,0.99120162
8.680293e-09,0.99116389
8.690294e-09,0.99112498
8.700294e-09,0.99109495
8.710294e-09,0.9910637
8.720294e-09,0.99102391
8.730295e-09,0.99098945
8.740295e-09,0.99096223
8.750295e-09,0.99092945
8.760296e-09,0.99089247
8.770296e-09,0.99085261
8.780297e-09,0.99082131
8.790297e-09,0.99079143
8.800297e-09,0.99075463
8.825298e-09,0.99066561
8.850299e-09,0.99058142
8.8753e-09,0.99049499
8.900301e-09,0.99040824
8.925301e-09,0.99032166
8.950302e-09,0.99023583
8.975303e-09,0.9901499
9.000304e-09,0.99006548
9.025305e-09,0.9899845
9.050305e-09,0.98990115
9.075307e-09,0.98981062
9.100307e-09,0.98972557
9.125308e-09,0.98964801
9.150309e-09,0.98956621
9.17531e-09,0.98948531
9.200311e-09,0.98939998
9.225312e-09,0.98931066
9.250313e-09,0.98923034
9.275313e-09,0.98915129
9.300314e-09,0.98906792
9.325315e-09,0.98898262
9.350316e-09,0.98890384
9.375317e-09,0.98882582
9.400317e-09,0.98874345
9.425318e-09,0.98866626
9.450319e-09,0.98858662
9.47532e-09,0.98850862
9.500321e-09,0.98842798
9.525322e-09,0.98834273
9.550323e-09,0.98825827
9.575323e-09,0.98818104
9.600324e-09,0.98810739
9.625325e-09,0.98802801
9.650326e-09,0.98794153
9.675327e-09,0.98784296
9.700328e-09,0.98775798
9.725329e-09,0.98768236
9.75033e-09,0.98758412
9.77533e-09,0.98749611
9.800331e-09,0.98741229
9.825331e-09,0.98731717
9.850333e-09,0.98722949
9.875333e-09,0.98713688
9.900335e-09,0.98704752
9.925335e-09,0.98695528
9.950336e-09,0.98686047
9.975337e-09,0.98677548
1.0000338e-08,0.98669044
1.0025339e-08,0.98659546
1.005034e-08,0.98649733
1.007534e-08,0.98641048
1.0100341e-08,0.9863254
1.0125342e-08,0.98624006
1.0150343e-08,0.98615005
1.0175343e-08,0.98605962
1.0200344e-08,0.98596225
1.0225346e-08,0.98586992
1.0250346e-08,0.98578919
1.0275347e-08,0.98569883
1.0300348e-08,0.98561055
1.0325349e-08,0.98551487
1.035035e-08,0.98542121
1.0375351e-08,0.98533456
1.0400351e-08,0.98524417
1.0425352e-08,0.98515011
1.0450353e-08,0.98505971
1.0475353e-08,0.9849726
1.0500355e-08,0.9848835
1.0525356e-08,0.98479329
1.0550356e-08,0.98470465
1.0575357e-08,0.98461462
1.0600358e-08,0.98452214
1.0625359e-08,0.98442846
1.0650359e-08,0.98433484
1.067536e-08,0.98424434
1.0700361e-08,0.98415491
1.0725362e-08,0.98406539
1.0750363e-08,0.98397551
1.0775363e-08,0.98388373
1.0800364e-08,0.98379164
1.0825365e-08,0.98369879
1.0850367e-08,0.98360428
1.0875367e-08,0.98351392
1.0900368e-08,0.98342202
1.0925369e-08,0.98333271
1.095037e-08,0.98324184
1.0975371e-08,0.98314311
1.1000372e-08,0.9830486
1.1025373e-08,0.98295644
1.1050373e-08,0.98286111
1.1075374e-08,0.98276504
1.1100375e-08,0.98267084
1.1125375e-08,0.9825784
1.1150376e-08,0.98248501
1.1175378e-08,0.98238984
1.1200378e-08,0.98229221
1.1225379e-08,0.98219637
1.125038e-08,0.98210383
1.1275381e-08,0.98201159
1.1300382e-08,0.98191392
1.1325383e-08,0.98182191
1.1350383e-08,0.98173201
1.1375384e-08,0.98163548
1.1400385e-08,0.98153861
1.1425386e-08,0.98143999
1.1450386e-08,0.98134121
1.1475388e-08,0.98124109
1.1500388e-08,0.98114313
1.1525389e-08,0.98105089
1.155039e-08,0.98095623
1.1575391e-08,0.98086142
1.1600392e-08,0.98077043
1.1625393e-08,0.98067455
1.1650394e-08,0.98057086
1.1675394e-08,0.98046648
1.1700395e-08,0.98037236
1.1725396e-08,0.98028156
1.1750397e-08,0.98018162
1.1775398e-08,0.98007609
1.1800398e-08,0.97997814
1.1825399e-08,0.97987657
1.1850401e-08,0.97977295
1.1875401e-08,0.97967498
1.1900402e-08,0.97957208
1.1925402e-08,0.97947373
1.1950404e-08,0.97937551
1.1975404e-08,0.97927543
1.2000405e-08,0.97917074
1.2025406e-08,0.97906357
1.2050407e-08,0.97896371
1.2075408e-08,0.97886537
1.2100409e-08,0.97876612
1.2125409e-08,0.97866135
1.2150411e-08,0.97856035
1.2175411e-08,0.97846817
1.2200412e-08,0.97836623
1.2225413e-08,0.97825766
1.2250414e-08,0.97814598
1.2275414e-08,0.97803606
1.2300415e-08,0.97792799
1.2325417e-08,0.97782219
1.2350418e-08,0.97773456
1.2375418e-08,0.97764157
1.2400419e-08,0.97754014
1.242542e-08,0.97742575
1.2450421e-08,0.97730543
1.2475421e-08,0.97719685
1.2500422e-08,0.97708946
1.2525423e-08,0.97698429
1.2550424e-08,0.97687856
1.2575425e-08,0.97677273
1.2600425e-08,0.97666691
1.2625426e-08,0.9765611
1.2650427e-08,0.9764553
1.2675428e-08,0.97634948
1.2700429e-08,0.97624363
1.272543e-08,0.97613775
1.2750431e-08,0.97603181
1.2775432e-08,0.9759258
1.2800432e-08,0.97581973
1.2825433e-08,0.97571357
1.2850434e-08,0.97560733
1.2875435e-08,0.975501
1.2900436e-08,0.97539456
1.2925437e-08,0.97528802
1.2950437e-08,0.97518137
1.2975438e-08,0.9750746
1.3000439e-08,0.97496772
1.302544e-08,0.97486071
1.3050441e-08,0.97475358
1.3075442e-08,0.97464632
1.3100443e-08,0.97453893
1.3125443e-08,0.9744314
1.3150444e-08,0.97432373
1.3175445e-08,0.97421592
1.3200446e-08,0.97410797
1.3225447e-08,0.97399988
1.3250448e-08,0.97389163
1.3275448e-08,0.97378324
1.3300449e-08,0.97367469
1.332545e-08,0.97356599
1.3350451e-08,0.97345713
1.3375452e-08,0.97334811
1.3400453e-08,0.97323894
1.3425453e-08,0.9731296
1.3450454e-08,0.9730201
1.3475455e-08,0.97291043
1.3500456e-08,0.9728006
1.3525457e-08,0.9726906
1.3550458e-08,0.97258043
1.3575459e-08,0.97247008
1.3600459e-08,0.97235957
1.362546e-08,0.97224888
1.3650461e-08,0.97213802
1.3675462e-08,0.97202698
1.3700463e-08,0.97191577
1.3725464e-08,0.97180438
1.3750465e-08,0.97169281
1.3775465e-08,0.97158106
1.3800466e-08,0.97146913
1.3825467e-08,0.97135702
1.3850468e-08,0.97124474
1.3875469e-08,0.97113227
1.390047e-08,0.97101962
1.392547e-08,0.9709068
1.3950471e-08,0.9707938
1.3975472e-08,0.97068062
1.4000473e-08,0.97056728
1.4025474e-08,0.97045377
1.4050475e-08,0.97034011
1.4075475e-08,0.97022631
1.4100476e-08,0.97011239
1.4125477e-08,0.96999838
1.4150478e-08,0.96988435
1.4175479e-08,0.96977043
1.420048e-08,0.96965696
1.4250481e-08,0.96943226
1.4300483e-08,0.96918605
1.4350485e-08,0.96895607
1.4400486e-08,0.96872841
1.4450488e-08,0.96848423
1.450049e-08,0.96823723
1.4550491e-08,0.96799043
1.4600493e-08,0.96776102
1.4650495e-08,0.96751338
1.4700497e-08,0.96728644
1.4750498e-08,0.96706862
1.48005e-08,0.96681109
1.4850501e-08,0.9665586
1.4900503e-08,0.96631542
1.4950505e-08,0.96607329
1.5000507e-08,0.96582556
1.5050508e-08,0.96558149
1.510051e-08,0.96534251
1.5150512e-08,0.96507471
1.5200513e-08,0.96482128
1.5250515e-08,0.96457952
1.5300517e-08,0.96434251
1.5350518e-08,0.96408736
1.540052e-08,0.96382575
1.5450522e-08,0.96358216
1.5500524e-08,0.96333741
1.5550525e-08,0.96306835
1.5600527e-08,0.96280247
1.5650529e-08,0.96256606
1.570053e-08,0.96233931
1.5750532e-08,0.96209637
1.5800534e-08,0.96183292
1.5850535e-08,0.96158249
1.5900537e-08,0.96131015
1.5950539e-08,0.96103218
1.600054e-08,0.96076101
1.6050542e-08,0.96048103
1.6100544e-08,0.96021016
1.6150546e-08,0.95997255
1.6200547e-08,0.9597219
1.6250549e-08,0.95943279
1.6300551e-08,0.95917525
1.6350552e-08,0.95891496
1.6400554e-08,0.958627
1.6450556e-08,0.95834652
1.6500557e-08,0.9580648
1.6550559e-08,0.95777471
1.6600561e-08,0.95748883
1.6650562e-08,0.95721106
1.6700564e-08,0.95692835
1.6750566e-08,0.95664506
1.6800567e-08,0.95639213
1.6850569e-08,0.95610729
1.6900571e-08,0.95580954
1.6950572e-08,0.95553983
1.7000574e-08,0.95527056
1.7050576e-08,0.95499341
1.7100578e-08,0.9546965
1.7150579e-08,0.95439116
1.7200581e-08,0.95410528
1.7250583e-08,0.95387697
1.7300584e-08,0.95358859
1.7350586e-08,0.95327743
1.7400588e-08,0.95294921
1.745059e-08,0.95260338
1.7500591e-08,0.95231378
1.7550593e-08,0.95201557
1.7600594e-08,0.95169269
1.7650596e-08,0.95144248
1.7700598e-08,0.95118177
1.7750599e-08,0.95088182
1.7800601e-08,0.95060468
1.7850603e-08,0.95024242
1.7900605e-08,0.94988628
1.7950606e-08,0.94961755
1.8000608e-08,0.9493348
1.805061e-08,0.94897456
1.8100611e-08,0.94863363
1.8150613e-08,0.94833877
1.8200615e-08,0.94804668
1.8250616e-08,0.94777942
1.8300618e-08,0.9474777
1.835062e-08,0.94714314
1.8400622e-08,0.94680802
1.8450623e-08,0.94646233
1.8500625e-08,0.94614386
1.8550626e-08,0.94587819
1.8600628e-08,0.94552861
1.865063e-08,0.9452029
1.8700632e-08,0.94493298
1.8750633e-08,0.94461313
1.8800635e-08,0.94427812
1.8850637e-08,0.94396091
1.8900638e-08,0.94367959
1.895064e-08,0.94318352
1.9000642e-08,0.94272184
1.9100645e-08,0.94214734
1.9200649e-08,0.94147617
1.9300652e-08,0.94078674
1.9400655e-08,0.94011139
1.9500659e-08,0.93943368
1.9600662e-08,0.93873689
1.9700665e-08,0.9380149
1.9800669e-08,0.93729638
1.9900672e-08,0.93659988
2.0000676e-08,0.93588062
2.0100679e-08,0.93516051
2.0200682e-08,0.9344421
2.0300686e-08,0.93370583
2.0400689e-08,0.93295997
2.0500692e-08,0.93220307
2.0600696e-08,0.93145463
2.0700699e-08,0.9307014
2.0800703e-08,0.92995507
2.0900706e-08,0.92921595
2.1000709e-08,0.9284609
2.1100713e-08,0.92771424
2.1200716e-08,0.92697672
2.1300719e-08,0.92621782
2.1400723e-08,0.92547172
2.1500726e-08,0.92473543
2.1600729e-08,0.92396631
2.1700733e-08,0.92318471
2.1800737e-08,0.92240799
2.190074e-08,0.9216351
2.2000743e-08,0.92085687
2.2100746e-08,0.92008942
2.220075e-08,0.91930215
2.2300753e-08,0.91850656
2.2400757e-08,0.91770601
2.250076e-08,0.91690862
2.2600763e-08,0.91612662
2.2700767e-08,0.91535792
2.280077e-08,0.91460363
2.2900773e-08,0.91381361
2.3000777e-08,0.91300315
2.310078e-08,0.91220148
2.3200783e-08,0.91141223
2.3300787e-08,0.91062889
2.340079e-08,0.90982369
2.3500794e-08,0.90900829
2.3600797e-08,0.90821648
2.3700801e-08,0.90742317
2.3800804e-08,0.90659844
2.3900807e-08,0.90574992
2.4000811e-08,0.90492567
2.4100814e-08,0.90412258
2.4200818e-08,0.90327546
2.430082e-08,0.90242271
2.4400824e-08,0.90161811
2.4500827e-08,0.90082457
2.4600831e-08,0.90000232
2.4700834e-08,0.89914923
2.4800838e-08,0.8982714
2.4900841e-08,0.89736388
2.5000844e-08,0.89640416
2.5100847e-08,0.8954805
2.5200851e-08,0.89459232
2.5300854e-08,0.89364145
2.5400858e-08,0.89268414
2.5500861e-08,0.89177836
2.5600865e-08,0.89081655
2.5700868e-08,0.88985455
2.5800872e-08,0.88894698
2.5900875e-08,0.88803477
2.6000878e-08,0.88712739
2.6100881e-08,0.88619806
2.6200885e-08,0.88524155
2.6300889e-08,0.88422407
2.6400892e-08,0.88334561
2.6500895e-08,0.88245536
2.6600898e-08,0.88140447
2.6700902e-08,0.88036783
2.6800905e-08,0.87942285
2.6900908e-08,0.8785225
2.7000912e-08,0.87759156
2.7100916e-08,0.87659333
2.7200919e-08,0.87557105
2.7300922e-08,0.8746111
2.7400926e-08,0.87365856
2.7500928e-08,0.87269391
2.7600932e-08,0.87168359
2.7700935e-08,0.87076578
2.7800939e-08,0.86979314
2.7900942e-08,0.86875975
2.8000946e-08,0.86787297
2.8100949e-08,0.86693919
2.8200952e-08,0.86598159
2.8300956e-08,0.86495305
2.840096e-08,0.8638905
2.8500963e-08,0.86296902
2.8600966e-08,0.86199828
2.8700969e-08,0.86104672
2.8800973e-08,0.85999279
2.8900976e-08,0.85889509
2.900098e-08,0.85791915
2.9100983e-08,0.85675286
2.9200986e-08,0.85552512
2.9300989e-08,0.85452254
2.9400993e-08,0.85352381
2.9500997e-08,0.85235812
2.9601e-08,0.85119055
2.9701003e-08,0.85004062
2.9801006e-08,0.84882015
2.990101e-08,0.84767491
3.0001013e-08,0.84657478
3.0101016e-08,0.8453481
3.020102e-08,0.84406911
3.0301023e-08,0.84280158
3.0401027e-08,0.84161147
3.050103e-08,0.84044051
3.0601034e-08,0.8392395
3.0701037e-08,0.83795606
3.0801041e-08,0.83662808
3.0901043e-08,0.83540827
3.1001047e-08,0.83401298
3.110105e-08,0.83257802
3.1201053e-08,0.8314617
3.1301058e-08,0.83031321
3.1401061e-08,0.82904147
3.1501064e-08,0.82773648
3.1601067e-08,0.82628042
3.1701071e-08,0.82505981
3.1801074e-08,0.82404089
3.1901078e-08,0.82263147
3.2001081e-08,0.82116249
3.2101084e-08,0.8199887
3.2201087e-08,0.81856824
3.2301091e-08,0.81728417
3.2401094e-08,0.81625049
3.2501097e-08,0.81487319
3.2601101e-08,0.81359652
3.2701105e-08,0.81250802
3.2801107e-08,0.8114665
3.2901112e-08,0.81017549
3.3001115e-08,0.80859827
3.3101118e-08,0.80720873
3.3201121e-08,0.80582233
3.3301125e-08,0.80458528
3.3401128e-08,0.80346753
3.3501132e-08,0.80240155
3.3601134e-08,0.80131405
3.3701138e-08,0.7998799
3.3801142e-08,0.79845644
3.3901145e-08,0.79690408
3.4001148e-08,0.79549248
3.4101152e-08,0.79412927
3.4201155e-08,0.79296749
3.4301158e-08,0.79210173
3.4401162e-08,0.79074243
3.4501165e-08,0.78963564
3.4601169e-08,0.788229
3.4701172e-08,0.78646362
3.4801175e-08,0.78525596
3.4901178e-08,0.78410526
3.5001182e-08,0.7828062
3.5101186e-08,0.7814025
3.5201189e-08,0.77993365
3.5301192e-08,0.77840709
3.5401196e-08,0.77675534
3.5501199e-08,0.77547705
3.5601203e-08,0.7742276
3.5701205e-08,0.77275383
3.5801209e-08,0.7711933
3.5901212e-08,0.76939064
3.6001216e-08,0.76784437
3.6101219e-08,0.7667066
3.6201222e-08,0.76529467
3.6301226e-08,0.76367536
3.640123e-08,0.761885
3.6501233e-08,0.76025769
3.6601237e-08,0.75911958
3.6701239e-08,0.75735819
3.6801242e-08,0.75604315
3.6901246e-08,0.75465986
3.700125e-08,0.75290701
3.7101253e-08,0.75141842
3.7201256e-08,0.74986374
3.730126e-08,0.74855518
3.7401263e-08,0.74667951
3.7501267e-08,0.74503946
3.760127e-08,0.74372744
3.7701273e-08,0.74242728
3.7801276e-08,0.74110204
3.790128e-08,0.74031546
3.8001283e-08,0.73897745
3.8101286e-08,0.7367271
3.8201289e-08,0.7355279
3.8301294e-08,0.73324201
3.8401297e-08,0.73003261
3.8501301e-08,0.72814793
3.8601304e-08,0.72804908
3.8701307e-08,0.72770322
3.880131e-08,0.72673819
3.8901314e-08,0.72521109
3.9001317e-08,0.72388175
3.910132e-08,0.72249747
3.9201324e-08,0.71922003
3.9301328e-08,0.7167527
3.9401331e-08,0.71541486
3.9501334e-08,0.71529384
3.9601339e-08,0.71317355
3.9701341e-08,0.7112452
3.9801344e-08,0.71148017
3.9901349e-08,0.71131743
4.0001351e-08,0.7102595
4.0101354e-08,0.70790118
4.0201358e-08,0.70611294
4.0301361e-08,0.70443431
4.0401366e-08,0.70279385
4.0501367e-08,0.70127529
4.0601371e-08,0.69979257
4.0701375e-08,0.69819473
4.0801378e-08,0.69661147
4.0901382e-08,0.69515813
4.1001384e-08,0.6936605
4.1101388e-08,0.69218302
4.1201392e-08,0.69080571
4.1301396e-08,0.68927104
4.1401398e-08,0.68782197
4.1501401e-08,0.68646619
4.1601406e-08,0.68504939
4.1701408e-08,0.68353969
4.1801412e-08,0.68204575
4.1901415e-08,0.68066684
4.2001418e-08,0.67920765
4.2101422e-08,0.67778038
4.2201425e-08,0.67631313
4.2301428e-08,0.67481198
4.2401432e-08,0.67347154
4.2501435e-08,0.6722227
4.2601439e-08,0.67080941
4.2701443e-08,0.66933407
4.2801445e-08,0.66788098
4.2901449e-08,0.66642417
4.3001453e-08,0.66499158
4.3101455e-08,0.66354371
4.3201459e-08,0.66208173
4.3301463e-08,0.66065377
4.3401466e-08,0.65911309
4.350147e-08,0.65738776
4.3601472e-08,0.65595681
4.3701477e-08,0.65460247
4.3801479e-08,0.65314444
4.3901483e-08,0.65178075
4.4001487e-08,0.64980549
4.4101489e-08,0.64778473
4.4201492e-08,0.64650643
4.4301496e-08,0.64510391
4.44015e-08,0.64336364
4.4501503e-08,0.64151702
4.4601507e-08,0.6396925
4.4701511e-08,0.63789441
4.4801512e-08,0.63625259
4.4901515e-08,0.63403269
4.500152e-08,0.63089399
4.5735201e-08,0.61437624
4.6493201e-08,0.60410118
4.7276751e-08,0.5929281
4.8087164e-08,0.58166036
4.8925845e-08,0.57059056
4.97943e-08,0.55981847
5.0694143e-08,0.54936179
5.1627108e-08,0.53906206
5.2595056e-08,0.52821707
5.3599994e-08,0.52021677
5.8399995e-08,0.51011977
6.7399993e-08,0.53382919
7.4299991e-08,0.58147806
8.3599991e-08,0.61852764
8.6999994e-08,0.6459613
9.1999994e-08,0.73025683
9.8599994e-08,0.82624807
1.04799993e-07,0.90307
1.13499989e-07,1.1042849
1.19199989e-07,1.273886
1.24399982e-07,1.4179475
1.3149999e-07,1.5985959
1.41199981e-07,1.8167955
1.49199984e-07,1.9752206
1.55799976e-07,2.0999235
1.59499985e-07,2.1503649
1.65099975e-07,2.2013548
1.70299973e-07,2.2362118
1.74399977e-07,2.2877275
1.77399977e-07,2.3314531
1.80999976e-07,2.3465461
